alternative_id,alternative,repo,url,license,primary_language,maturity_level,source_confidence,stars,created_at,last_pushed_at,latest_release,summary,implementation_notes,risk_notes,evidence_urls
aider,Aider,Aider-AI/aider,https://github.com/Aider-AI/aider,Apache-2.0,Python,production,0.96,47082,2023-05-09,2026-05-22,v0.86.0,"Terminal pair-programming agent focused on Git-based code edits, repo maps, and broad model support.",Best quick path for local pair programming and lightweight automation. Very easy to trial.,Not designed as a full multi-agent governance platform. Sandboxing and policy controls are mostly external.,https://github.com/Aider-AI/aider; https://aider.chat/docs/; https://aider.chat/docs/repomap.html
anchor,Anchor,mjenkinsx9/anchor,https://github.com/mjenkinsx9/anchor,MIT,JavaScript,alpha,0.55,0,2026-06-10,2026-06-17,v0.3.0,Narrow review-harness/plugin style project centered on Claude Code workflows.,"Small surface area can be useful for a deterministic review loop, not for a full orchestrator.","Very low traction, narrow vendor focus, and no strong sandbox or orchestration layer of its own.",https://github.com/mjenkinsx9/anchor
cline,Cline / Cline SDK,cline/cline,https://github.com/cline/cline,Apache-2.0,TypeScript,production,0.96,64315,2024-07-06,2026-07-05,cli-v3.0.37,"Autonomous coding agent delivered as SDK, IDE extension, CLI, and automation surface.",Strong practical DX and human approval model. Good when the product needs editor/CLI/SDK surfaces together.,Sandboxing is more approval/checkpoint oriented than hard isolation. Enterprise controls must be configured deliberately.,https://github.com/cline/cline; https://docs.cline.bot/cline-overview; https://cline.bot/
codex_cli,Codex CLI,openai/codex,https://github.com/openai/codex,Apache-2.0,Rust,production,0.98,95651,2025-04-13,2026-07-05,rust-v0.142.5,"OpenAI terminal coding agent with OS-level sandboxing, approvals, subagents, skills, hooks, and GitHub Action integration.",Excellent secure local/CI runner if OpenAI dependence is acceptable. Less suitable as a fully provider-neutral framework.,Provider center of gravity is OpenAI. Some extension and multi-agent surfaces may still evolve quickly.,https://developers.openai.com/codex/cli; https://developers.openai.com/codex/agent-approvals-security; https://github.com/openai/codex
deep_agents,Deep Agents,langchain-ai/deepagents,https://github.com/langchain-ai/deepagents,MIT,Python,beta,0.95,25715,2025-07-27,2026-07-05,deepagents==0.6.12,"Batteries-included agent harness with tools, filesystem, permissions, code execution, memory, subagents, and human-in-the-loop controls.","One of the strongest foundations for a custom Python orchestrator, especially when LangGraph/LangSmith integration matters.","Not a turnkey coding product by itself. Production use requires designing tools, permissions, sandbox backends, and evaluation loops.",https://github.com/langchain-ai/deepagents; https://docs.langchain.com/oss/python/deepagents/overview; https://docs.langchain.com/oss/python/deepagents/subagents
flue,Flue,withastro/flue,https://github.com/withastro/flue,Apache-2.0,TypeScript,beta,0.95,7104,2026-02-07,2026-07-04,,"Programmable TypeScript agent harness with sessions, tools, skills, sandboxing, deployment targets, and observability adapters.",Strong candidate for building a product-specific orchestrator in TypeScript. It has a clearer framework shape than a CLI wrapper.,Beta API surface and Node.js >=22.19.0 requirement. Durable persistence requires choosing and operating a backing store.,https://github.com/withastro/flue; https://flueframework.com/; https://flueframework.com/docs/getting-started/quickstart/
goose,goose,aaif-goose/goose,https://github.com/aaif-goose/goose,Apache-2.0,Rust,production,0.95,50679,2024-08-23,2026-07-05,v1.41.0,"General-purpose local AI agent with desktop, CLI, API, MCP extensions, and broad provider support.",Good local automation substrate when tasks extend beyond code and MCP extension breadth matters.,Native observability and coding-specific orchestration are lighter than specialized coding frameworks.,https://github.com/aaif-goose/goose; https://goose-docs.ai/
mini_swe_agent,mini-SWE-agent,SWE-agent/mini-swe-agent,https://github.com/SWE-agent/mini-swe-agent,MIT,Python,beta,0.93,5578,2025-06-28,2026-07-02,v2.4.4,"Minimal Python SWE agent for solving GitHub issues or command-line tasks, optimized for simplicity and benchmark reproducibility.","Best scaffold for learning, ablations, and small research experiments. Very easy to reason about.","Minimal platform features by design: weak native governance, persistence, multi-agent, and observability compared with larger frameworks.",https://github.com/SWE-agent/mini-swe-agent; https://www.swebench.com/
omni_agent,Omni Agent,2830500285/omni-agent,https://github.com/2830500285/omni-agent,MIT,TypeScript,alpha,0.55,1,2026-04-27,2026-05-16,,"Verification-native local coding-agent runtime with eval gates, memory, subagents, and model profiles.","Interesting claims for verification-first design, but evidence and traction are too thin for a primary adoption bet.","Minimal traction and no release at retrieval time. Treat as a reference idea, not a dependable platform.",https://github.com/2830500285/omni-agent
omniagent,OmniAgent,xianyu-sheng/omniagent,https://github.com/xianyu-sheng/omniagent,MIT,Python,alpha,0.55,0,2026-06-03,2026-06-29,v0.1.0,"Local multi-model AI coding agent CLI with ReAct, Plan-Execute, MCP, memory, and TUI concepts.","Potentially hackable Python CLI, but not a strong base for governed orchestration yet.","No stars at retrieval time, early release, and weak evidence for sandboxing, CI, observability, or enterprise controls.",https://github.com/xianyu-sheng/omniagent
omnigent,Omnigent,omnigent-ai/omnigent,https://github.com/omnigent-ai/omnigent,Apache-2.0,Python,alpha,0.75,6304,2026-06-11,2026-07-05,v0.4.0,"Meta-harness for orchestrating multiple coding-agent backends with policies, sandboxing, and collaboration.",Compelling for a control-plane strategy where multiple agent harnesses must be swapped or combined.,Alpha status and broad scope make it riskier than narrower libraries. Operational complexity can be high.,https://github.com/omnigent-ai/omnigent
open_swe,Open SWE,langchain-ai/open-swe,https://github.com/langchain-ai/open-swe,MIT,Python,beta,0.92,10107,2025-05-21,2026-07-05,,"Open-source asynchronous coding-agent framework built on Deep Agents and LangGraph, with cloud sandbox providers and automatic PR creation.",Strong fit for internal async coding-agent platforms. It is more platform starter than simple CLI.,"Requires operating sandbox providers and integration surfaces. Hosted examples have historically leaned Anthropic, so model portability should be verified for the target stack.",https://github.com/langchain-ai/open-swe; https://www.langchain.com/blog/open-swe-an-open-source-framework-for-internal-coding-agents
opencode,OpenCode,anomalyco/opencode,https://github.com/anomalyco/opencode,MIT,TypeScript,production,0.97,182587,2025-04-30,2026-07-05,v1.17.13,"Open-source coding agent for terminal, desktop, and IDE workflows with broad provider support.",Very strong for local developer experience and model portability. Less policy-first than sandbox-oriented frameworks.,"Native sandbox/governance is lighter than Codex, Sandcastle, Open SWE, or OpenHands SDK; isolation often depends on the surrounding environment.",https://github.com/anomalyco/opencode; https://opencode.ai/docs/
openhands_agent_canvas,OpenHands Agent Canvas,OpenHands/agent-canvas,https://github.com/OpenHands/agent-canvas,MIT,TypeScript,beta,0.85,141,2026-04-24,2026-07-05,v1.1.0,Self-hosted developer control center for running coding agents and automations locally or in the cloud.,"Best evaluated as a control plane/UI layer, not as the core agent algorithm. It can run OpenHands, Codex, Claude Code, Gemini, or ACP-compatible backends.",Young project with low star count. The actual security boundary is determined by backend selection and deployment topology.,https://github.com/OpenHands/agent-canvas; https://docs.openhands.dev/openhands/usage/agent-canvas/overview
openhands_sdk,OpenHands Software Agent SDK,OpenHands/software-agent-sdk,https://github.com/OpenHands/software-agent-sdk,MIT,Python,production,0.96,865,2025-08-23,2026-07-05,v1.31.0,Composable Python and REST SDK for building software-engineering agents with local or ephemeral workspaces.,"A strong Python base for building custom software agents where coding-specific tools, workspaces, and benchmark orientation matter.","Less minimal than Aider or mini-SWE-agent. Teams must still define policies, toolsets, and deployment boundaries.",https://github.com/OpenHands/software-agent-sdk; https://docs.openhands.dev/sdk
sandcastle,Sandcastle,mattpocock/sandcastle,https://github.com/mattpocock/sandcastle,MIT,TypeScript,beta,0.9,6638,2026-03-17,2026-06-29,v0.12.0,TypeScript library for orchestrating coding agents in isolated sandboxes with branch/worktree strategies.,"Best when the target is a programmable TypeScript runner around existing coding agents. Docker, Podman, Vercel, and no-sandbox modes make the isolation model explicit.","Young beta project. Examples are strongly tied to Claude Code, and security depends on the chosen sandbox provider, mounts, and network policy.",https://github.com/mattpocock/sandcastle
swe_agent,SWE-agent,SWE-agent/SWE-agent,https://github.com/SWE-agent/SWE-agent,MIT,Python,production,0.94,19705,2024-04-02,2026-07-01,v1.1.0,Research-grade and practical harness for solving real GitHub issues with a model of choice.,"Strong when benchmarkability, issue-resolution tasks, and trajectory logs matter more than polished product UX.",Research-first developer experience. Less suitable as a low-friction daily coding assistant or enterprise control plane.,https://github.com/SWE-agent/SWE-agent; https://swe-agent.com/latest/
