alternative_id,alternative,license,maturity_level,source_confidence,prototype_complexity_score,prototype_scope_adjustment,prototype_effort,prototype_driver,hardening_complexity_score,hardening_scope_adjustment,hardening_effort,hardening_driver,first_slice,adoption_note,risk_notes
codex_cli,Codex CLI,Apache-2.0,production,0.98,2.236,0.5,1-2 days,implementation_ease,2.132,0.7,1-2 weeks,observability,"One task under read-only, workspace-write, and restricted-network profiles.",Proceed only if provider dependence is acceptable.,Provider center of gravity is OpenAI. Some extension and multi-agent surfaces may still evolve quickly.
swe_agent,SWE-agent,MIT,production,0.94,2.328,0.4,1-2 days,implementation_ease,2.368,0.5,1-2 weeks,ci_pr,"Small SWE-style task suite with trajectory, patch, and cost capture.","Pilot with explicit policy, telemetry, and rollback criteria.",Research-first developer experience. Less suitable as a low-friction daily coding assistant or enterprise control plane.
goose,goose,Apache-2.0,production,0.95,1.672,0.2,0.5-1 day,implementation_ease,2.484,0.4,2-4 weeks,sandbox_isolation,"Install, run one controlled task, capture logs, tests, diff, and review outcome.",Good low-friction smoke-test candidate.,Native observability and coding-specific orchestration are lighter than specialized coding frameworks.
aider,Aider,Apache-2.0,production,0.96,1.34,-0.1,0.5-1 day,extensibility,2.628,0.2,2-4 weeks,sandbox_isolation,"Install, run one controlled task, capture logs, tests, diff, and review outcome.",Use for human-in-the-loop workflows unless an external sandbox is added.,Not designed as a full multi-agent governance platform. Sandboxing and policy controls are mostly external.
mini_swe_agent,mini-SWE-agent,MIT,beta,0.93,1.48,0.0,0.5-1 day,extensibility,2.64,0.2,2-4 weeks,observability,Fixed-seed task run with complete trajectory and patch capture.,Good low-friction smoke-test candidate.,"Minimal platform features by design: weak native governance, persistence, multi-agent, and observability compared with larger frameworks."
opencode,OpenCode,MIT,production,0.97,1.6,0.2,0.5-1 day,implementation_ease,2.692,0.5,2-4 weeks,sandbox_isolation,"Install, run one controlled task, capture logs, tests, diff, and review outcome.",Use for human-in-the-loop workflows unless an external sandbox is added.,"Native sandbox/governance is lighter than Codex, Sandcastle, Open SWE, or OpenHands SDK; isolation often depends on the surrounding environment."
cline,Cline / Cline SDK,Apache-2.0,production,0.96,2.416,1.0,2-5 days,implementation_ease,2.98,1.2,2-4 weeks,sandbox_isolation,One interactive task and one headless SDK task with approval metrics.,Use for human-in-the-loop workflows unless an external sandbox is added.,Sandboxing is more approval/checkpoint oriented than hard isolation. Enterprise controls must be configured deliberately.
openhands_sdk,OpenHands Software Agent SDK,MIT,production,0.96,2.892,1.3,2-5 days,implementation_ease,3.012,1.3,2-4 weeks,maturity,Disposable workspace plus read/edit/shell/test tools and artifact capture.,"Pilot with explicit policy, telemetry, and rollback criteria.","Less minimal than Aider or mini-SWE-agent. Teams must still define policies, toolsets, and deployment boundaries."
deep_agents,Deep Agents,MIT,beta,0.95,2.828,1.1,2-5 days,implementation_ease,3.048,1.2,2-4 weeks,maturity,Single-agent graph and subagent graph with the same tool boundary.,"Pilot with explicit policy, telemetry, and rollback criteria.","Not a turnkey coding product by itself. Production use requires designing tools, permissions, sandbox backends, and evaluation loops."
flue,Flue,Apache-2.0,beta,0.95,2.808,1.0,2-5 days,implementation_ease,3.084,1.2,2-4 weeks,maturity,Minimal TypeScript agent server with one coding workflow and virtual sandbox.,"Pilot with explicit policy, telemetry, and rollback criteria.",Beta API surface and Node.js >=22.19.0 requirement. Durable persistence requires choosing and operating a backing store.
sandcastle,Sandcastle,MIT,beta,0.9,3.048,1.0,2-5 days,implementation_ease,3.388,1.3,3-6 weeks,maturity,"Install, run one controlled task, capture logs, tests, diff, and review outcome.","Pilot with explicit policy, telemetry, and rollback criteria.","Young beta project. Examples are strongly tied to Claude Code, and security depends on the chosen sandbox provider, mounts, and network policy."
openhands_agent_canvas,OpenHands Agent Canvas,MIT,beta,0.85,3.26,1.5,3-7 days,implementation_ease,3.756,1.8,3-6 weeks,maturity,"Install, run one controlled task, capture logs, tests, diff, and review outcome.","Pilot with explicit policy, telemetry, and rollback criteria.",Young project with low star count. The actual security boundary is determined by backend selection and deployment topology.
omni_agent,Omni Agent,MIT,alpha,0.55,3.512,0.8,3-7 days,implementation_ease,4.02,1.3,6-12 weeks,maturity,"Install, run one controlled task, capture logs, tests, diff, and review outcome.",Reference-only until maturity and source evidence improve.,"Minimal traction and no release at retrieval time. Treat as a reference idea, not a dependable platform."
open_swe,Open SWE,MIT,beta,0.92,4.02,1.9,1-2 weeks,implementation_ease,4.132,2.5,6-12 weeks,maturity,One sandbox provider and five issue-to-PR tasks.,"Pilot with explicit policy, telemetry, and rollback criteria.","Requires operating sandbox providers and integration surfaces. Hosted examples have historically leaned Anthropic, so model portability should be verified for the target stack."
omnigent,Omnigent,Apache-2.0,alpha,0.75,4.008,2.0,1-2 weeks,implementation_ease,4.496,2.5,6-12 weeks,maturity,"Install, run one controlled task, capture logs, tests, diff, and review outcome.","Pilot with explicit policy, telemetry, and rollback criteria.",Alpha status and broad scope make it riskier than narrower libraries. Operational complexity can be high.
omniagent,OmniAgent,MIT,alpha,0.55,2.988,0.5,2-5 days,implementation_ease,4.928,1.2,6-12 weeks,maturity,"Install, run one controlled task, capture logs, tests, diff, and review outcome.",Reference-only until maturity and source evidence improve.,"No stars at retrieval time, early release, and weak evidence for sandboxing, CI, observability, or enterprise controls."
anchor,Anchor,MIT,alpha,0.55,2.672,0.0,2-5 days,extensibility,5.0,1.3,6-12 weeks,maturity,"Install, run one controlled task, capture logs, tests, diff, and review outcome.",Reference-only until maturity and source evidence improve.,"Very low traction, narrow vendor focus, and no strong sandbox or orchestration layer of its own."
