alternative_id,alternative,maturity_level,source_confidence,top_strengths,top_weaknesses,best_scenario,best_rank,worst_scenario,worst_rank,mean_score,score_spread
cline,Cline / Cline SDK,production,0.96,human_control=4.8; coding_fit=4.7; extensibility=4.7,sandbox_isolation=2.8; research_reproducibility=3.4; observability=4.0,custom_orchestrator_platform,1,research_benchmarking,6,4.229,2.0
codex_cli,Codex CLI,production,0.98,coding_fit=4.8; security_governance=4.8; sandbox_isolation=4.7,provider_portability=2.0; persistence_memory=3.4; research_reproducibility=3.6,secure_autonomous_prs,1,research_benchmarking,7,4.064,2.8
mini_swe_agent,mini-SWE-agent,beta,0.93,research_reproducibility=4.9; provider_portability=4.7; implementation_ease=4.6,multi_agent=1.0; persistence_memory=1.8; observability=2.2,research_benchmarking,1,custom_orchestrator_platform,14,3.386,3.9
openhands_sdk,OpenHands Software Agent SDK,production,0.96,provider_portability=4.8; coding_fit=4.6; extensibility=4.5,implementation_ease=3.8; observability=3.8; ci_pr=4.0,custom_orchestrator_platform,2,research_benchmarking,3,4.207,1.0
swe_agent,SWE-agent,production,0.94,research_reproducibility=4.8; provider_portability=4.6; coding_fit=4.5,multi_agent=2.0; persistence_memory=2.5; human_control=3.1,research_benchmarking,2,quick_local_coding,12,3.721,2.8
deep_agents,Deep Agents,beta,0.95,extensibility=4.7; provider_portability=4.7; multi_agent=4.6,ci_pr=3.4; maturity=3.5; implementation_ease=3.6,custom_orchestrator_platform,3,secure_autonomous_prs,5,4.157,1.3
opencode,OpenCode,production,0.97,provider_portability=4.8; coding_fit=4.7; extensibility=4.5,sandbox_isolation=2.6; observability=2.8; security_governance=3.3,quick_local_coding,3,custom_orchestrator_platform,9,3.921,2.2
open_swe,Open SWE,beta,0.92,ci_pr=4.8; sandbox_isolation=4.7; coding_fit=4.6,implementation_ease=2.7; maturity=3.0; human_control=3.2,custom_orchestrator_platform,4,quick_local_coding,10,4.036,2.1
aider,Aider,production,0.96,coding_fit=4.8; implementation_ease=4.7; provider_portability=4.7,multi_agent=1.8; observability=2.4; sandbox_isolation=2.4,research_benchmarking,4,custom_orchestrator_platform,13,3.607,3.0
openhands_agent_canvas,OpenHands Agent Canvas,beta,0.85,provider_portability=4.7; deployment_flexibility=4.6; multi_agent=4.5,maturity=3.0; research_reproducibility=3.0; implementation_ease=3.6,custom_orchestrator_platform,5,research_benchmarking,12,4.007,1.7
goose,goose,production,0.95,extensibility=4.8; provider_portability=4.8; deployment_flexibility=4.3,multi_agent=2.6; observability=2.8; research_reproducibility=3.2,quick_local_coding,6,custom_orchestrator_platform,10,3.821,2.2
omnigent,Omnigent,alpha,0.75,provider_portability=4.8; human_control=4.7; extensibility=4.6,maturity=2.0; implementation_ease=2.8; research_reproducibility=3.0,custom_orchestrator_platform,7,research_benchmarking,13,3.95,2.8
flue,Flue,beta,0.95,extensibility=4.6; provider_portability=4.6; deployment_flexibility=4.5,maturity=3.0; human_control=3.2; research_reproducibility=3.2,custom_orchestrator_platform,8,quick_local_coding,11,3.914,1.6
sandcastle,Sandcastle,beta,0.9,sandbox_isolation=4.6; coding_fit=4.2; ci_pr=4.1,observability=2.7; maturity=2.8; persistence_memory=2.8,custom_orchestrator_platform,12,quick_local_coding,14,3.557,1.9
omni_agent,Omni Agent,alpha,0.55,security_governance=4.0; human_control=3.5; multi_agent=3.5,maturity=1.0; research_reproducibility=1.8; implementation_ease=2.4,custom_orchestrator_platform,15,custom_orchestrator_platform,15,2.964,3.0
omniagent,OmniAgent,alpha,0.55,provider_portability=4.0; human_control=3.7; extensibility=3.2,maturity=0.8; ci_pr=1.5; observability=1.5,custom_orchestrator_platform,16,custom_orchestrator_platform,16,2.429,3.2
anchor,Anchor,alpha,0.55,human_control=4.0; implementation_ease=4.0; coding_fit=2.8,multi_agent=0.5; maturity=1.0; observability=1.0,custom_orchestrator_platform,17,custom_orchestrator_platform,17,1.85,3.5
